%m/%d/%y;FORD
2/2/1984;0.02523659
2/3/1984;-0.03692308
2/6/1984;-0.01597444
2/7/1984;-0.006493506
2/8/1984;-0.0130719
2/9/1984;-0.01655629
2/10/1984;0.006734007
2/13/1984;-0.003344482
2/14/1984;0.05033557
2/15/1984;-0.003194888
2/16/1984;0.009615385
2/17/1984;-0.04126984
2/21/1984;-0.0397351
2/22/1984;-0.003448276
2/23/1984;0.003460208
2/24/1984;0.04482759
2/27/1984;0.04290429
2/28/1984;-0.05696202
2/29/1984;0
3/1/1984;0.01006711
3/2/1984;0.03654485
3/5/1984;0
3/6/1984;-0.01602564
3/7/1984;-0.01628665
3/8/1984;0.003311258
3/9/1984;-0.01320132
3/12/1984;0.02006689
3/13/1984;0.006557377
3/14/1984;0.01302932
3/15/1984;0.0192926
3/16/1984;0
3/19/1984;-0.02523659
3/20/1984;-0.02588997
3/21/1984;0.003322259
3/22/1984;-0.0397351
3/23/1984;0.02413793
3/26/1984;-0.02356902
3/27/1984;-0.003448276
3/28/1984;0.02768166
3/29/1984;-0.01010101
3/30/1984;-0.00340136
4/2/1984;-0.003412969
4/3/1984;-0.01712329
4/4/1984;-0.01045296
4/5/1984;-0.06338028
4/6/1984;0.01879699
4/9/1984;0
4/10/1984;0.003690037
4/11/1984;0
4/12/1984;0.05147059
4/13/1984;-0.02447552
4/16/1984;0.01792115
4/17/1984;0.01408451
4/18/1984;-0.01388889
4/19/1984;-0.01056338
4/23/1984;-0.01423488
4/24/1984;0.003610108
4/25/1984;0.007194245
4/26/1984;0.02571429
4/27/1984;0.003521127
4/30/1984;0.02807018
5/1/1984;0.03412969
5/2/1984;-0.00660066
5/3/1984;-0.02990033
5/4/1984;-0.02739726
5/7/1984;-0.01760563
5/8/1984;0.01433692
5/9/1984;-0.02120141
5/10/1984;0
5/11/1984;0.01444043
5/14/1984;-0.003558719
5/15/1984;-0.003571429
5/16/1984;-0.003584229
5/17/1984;-0.003597122
5/18/1984;-0.003610108
5/21/1984;0
5/22/1984;0.01086957
5/23/1984;0.01792115
5/24/1984;0.02112676
5/25/1984;0.01724138
5/29/1984;-0.02711864
5/30/1984;0.0174216
5/31/1984;0.01369863
6/1/1984;0.04054054
6/4/1984;-0.003246753
6/5/1984;0.006514658
6/6/1984;-0.01618123
6/7/1984;-0.003289474
6/8/1984;-0.00330033
6/11/1984;-0.04635762
6/12/1984;-0.003472222
6/13/1984;0.02439024
6/14/1984;-0.03401361
6/15/1984;-0.01760563
6/18/1984;0.0609319
6/19/1984;-0.02027027
6/20/1984;0.03103448
6/21/1984;-0.02675585
6/22/1984;-0.003436426
6/25/1984;-0.02068966
6/26/1984;0
6/27/1984;-0.01408451
6/28/1984;0.02142857
6/29/1984;0.01048951
7/2/1984;0.02076125
7/3/1984;0.01355932
7/5/1984;-0.02006689
7/6/1984;-0.006825938
7/9/1984;0.03780069
7/10/1984;0.01986755
7/11/1984;-0.05519481
7/12/1984;0.01030928
7/13/1984;0.01360544
7/16/1984;0.02348993
7/17/1984;0.01639344
7/18/1984;-0.003225806
7/19/1984;0
7/20/1984;-0.009708738
7/23/1984;-0.02941176
7/24/1984;-0.02356902
7/25/1984;0.02413793
7/26/1984;0.02020202
7/27/1984;0.03366337
7/30/1984;-0.003225806
7/31/1984;0.02265372
8/1/1984;0.02531646
8/2/1984;0.02777778
8/3/1984;0.03303303
8/6/1984;0.03488372
8/7/1984;0.0252809
8/8/1984;-0.01643836
8/9/1984;0.02506964
8/10/1984;-0.01902174
8/13/1984;0.002770083
8/14/1984;-0.005524862
8/15/1984;-0.03333334
8/16/1984;0.01149425
8/17/1984;0.005681818
8/20/1984;0.01412429
8/21/1984;0.01949861
8/22/1984;-0.01912568
8/23/1984;0.005571031
8/24/1984;0.008310249
8/27/1984;-0.01923077
8/28/1984;-0.008403362
8/29/1984;-0.04237288
8/30/1984;0.002949852
8/31/1984;0.00882353
9/4/1984;0.005830904
9/5/1984;-0.0115942
9/6/1984;0.02932551
9/7/1984;-0.01709402
9/10/1984;-0.005797102
9/11/1984;-0.002915452
9/12/1984;0.01754386
9/13/1984;0.03448276
9/14/1984;0.008333334
9/17/1984;0.02203857
9/18/1984;-0.01347709
9/19/1984;-0.008196721
9/20/1984;0.01101928
9/21/1984;-0.01634877
9/24/1984;0.0166205
9/25/1984;0.005449591
9/26/1984;0.02439024
9/27/1984;0.01058201
9/28/1984;-0.04188482
10/1/1984;-0.008196721
10/2/1984;-0.008264462
10/3/1984;-0.02222222
10/4/1984;0.01136364
10/5/1984;-0.002808989
10/8/1984;-0.002816901
10/9/1984;-0.005649718
10/10/1984;0.02272727
10/11/1984;0.03055556
10/12/1984;0.002695418
10/15/1984;0.02419355
10/16/1984;-0.0183727
10/17/1984;0.02139037
10/18/1984;0.05759162
10/19/1984;-0.00990099
10/22/1984;0
10/23/1984;-0.005
10/24/1984;0
10/25/1984;0
10/26/1984;-0.03718593
10/29/1984;-0.02631579
10/30/1984;0.02162162
10/31/1984;-0.007936508
11/1/1984;0.024
11/2/1984;-0.005208333
11/5/1984;0
11/6/1984;0.0104712
11/7/1984;-0.01813472
11/8/1984;0.007915568
11/9/1984;-0.002617801
11/12/1984;-0.002624672
11/13/1984;0
11/14/1984;-0.002631579
11/15/1984;-0.01846966
11/16/1984;-0.02150538
11/19/1984;-0.02197802
11/20/1984;0.005617978
11/21/1984;-0.002793296
11/23/1984;0.04481793
11/26/1984;-3.45E-10
11/27/1984;0.01897019
11/28/1984;-0.02393617
11/29/1984;-0.002724796
11/30/1984;-0.0136612
12/3/1984;-0.01385042
12/4/1984;0.005617978
12/5/1984;-0.03072626
12/6/1984;-0.01440922
12/7/1984;-0.00877193
12/10/1984;0.008849557
12/11/1984;0.002923977
12/12/1984;-0.005830904
12/13/1984;0.002932551
12/14/1984;0.01754386
12/17/1984;0.0316092
12/18/1984;0.03064067
12/19/1984;-0.01081081
12/20/1984;-0.01912568
12/21/1984;0
12/24/1984;0.008356546
12/26/1984;0
12/27/1984;-0.008287293
12/28/1984;0.01671309
12/31/1984;0
1/2/1985;-0.02191781
1/3/1985;-0.02521008
1/4/1985;-0.00862069
1/7/1985;0.002898551
1/8/1985;0.01156069
1/9/1985;0.01142857
1/10/1985;0.03954802
1/11/1985;0.002717391
1/14/1985;0.0406504
1/15/1985;-0.01041667
1/16/1985;0.01052632
1/17/1985;-0.01041667
1/18/1985;0.005263158
1/21/1985;0.03664922
1/22/1985;0
1/23/1985;0.03030303
1/24/1985;-0.01470588
1/25/1985;-0.005025126
1/28/1985;-0.01515152
1/29/1985;-0.005128205
1/30/1985;0.007731959
1/31/1985;-0.002557545
2/1/1985;-0.02564103
2/4/1985;0.01052632
2/5/1985;-0.02604167
2/6/1985;-0.02406417
2/7/1985;0.002739726
2/8/1985;-0.00273224
2/11/1985;-0.008219178
2/12/1985;0.01381215
2/13/1985;0.01089918
2/14/1985;-0.01078167
2/15/1985;-0.005449591
2/19/1985;-0.005479452
2/20/1985;-0.01101928
2/21/1985;-0.02506964
2/22/1985;0.01142857
2/25/1985;-0.01129944
2/26/1985;0.01142857
2/27/1985;0.002824859
2/28/1985;0.005633803
3/1/1985;0.01960784
3/4/1985;-0.008241759
3/5/1985;0.002770083
3/6/1985;-0.01381215
3/7/1985;-0.01120448
3/8/1985;0.002832861
3/11/1985;-0.005649718
3/12/1985;0.008522728
3/13/1985;-0.01690141
3/14/1985;-0.00286533
3/15/1985;-0.00862069
3/18/1985;-0.008695652
3/19/1985;0.02046784
3/20/1985;-0.02292264
3/21/1985;0.005865103
3/22/1985;-0.005830904
3/25/1985;0.005865103
3/26/1985;-0.008746356
3/27/1985;0.005882353
3/28/1985;0.01461988
3/29/1985;-0.02305475
4/1/1985;0.01179941
4/2/1985;-0.002915452
4/3/1985;-0.005847953
4/4/1985;0
4/8/1985;-0.01176471
4/9/1985;0.01488095
4/10/1985;0.01466276
4/11/1985;0.01156069
4/12/1985;0.005714286
4/15/1985;0.01136364
4/16/1985;-0.01123596
4/17/1985;0.01136364
4/18/1985;-0.0252809
4/19/1985;0
4/22/1985;-0.005763689
4/23/1985;0.005797102
4/24/1985;-0.002881844
4/25/1985;0.01156069
4/26/1985;-0.02057143
4/29/1985;-0.02071006
4/30/1985;-0.01208459
5/1/1985;-0.01834862
5/2/1985;0.01557632
5/3/1985;0.006134969
5/6/1985;0.009146341
5/7/1985;0.006042296
5/8/1985;-0.01501502
5/9/1985;0.02743902
5/10/1985;0.02077151
5/13/1985;-0.02325581
5/14/1985;-0.02380952
5/15/1985;0
5/16/1985;0.006097561
5/17/1985;0.009090909
5/20/1985;0.03303303
5/21/1985;0.01453488
5/22/1985;-0.01432665
5/23/1985;-0.008720931
5/24/1985;0.002932551
5/28/1985;0.02631579
5/29/1985;0.01139601
5/30/1985;-0.01971831
5/31/1985;0
6/3/1985;-0.002873563
6/4/1985;0.0259366
6/5/1985;0.008426966
6/6/1985;0.01671309
6/7/1985;-0.002739726
6/10/1985;-0.002747253
6/11/1985;-0.002754821
6/12/1985;0.002762431
6/13/1985;-0.02479339
6/14/1985;0.03107345
6/17/1985;0
6/18/1985;-0.008219178
6/19/1985;-0.01657459
6/20/1985;0.005617978
6/21/1985;0.008379889
6/24/1985;-0.005540166
6/25/1985;-0.005571031
6/26/1985;-0.008403362
6/27/1985;0.01129944
6/28/1985;0.008379889
7/1/1985;0.01939058
7/2/1985;-0.01086957
7/3/1985;-0.01098901
7/5/1985;0
7/8/1985;-0.02777778
7/9/1985;-0.005714286
7/10/1985;0.02011494
7/11/1985;-0.01690141
7/12/1985;-0.01146132
7/15/1985;-0.008695652
7/16/1985;0.01169591
7/17/1985;0.00867052
7/18/1985;-0.00286533
7/19/1985;-0.00862069
7/22/1985;0.002898551
7/23/1985;0.002890173
7/24/1985;0.005763689
7/25/1985;0.01432665
7/26/1985;0.008474576
7/29/1985;-0.01960784
7/30/1985;0.01371429
7/31/1985;0.02
8/1/1985;0
8/2/1985;-0.005602241
8/5/1985;-0.005633803
8/6/1985;-0.01133144
8/7/1985;0.01432665
8/8/1985;0.01129944
8/9/1985;-0.01396648
8/12/1985;0
8/13/1985;-0.005665722
8/14/1985;-0.008547009
8/15/1985;0.002873563
8/16/1985;-0.01146132
8/19/1985;0.008695652
8/20/1985;0.00862069
8/21/1985;0.008547009
8/22/1985;-0.01129944
8/23/1985;0
8/26/1985;0.008571428
8/27/1985;0
8/28/1985;-0.005665722
8/29/1985;-0.002849003
8/30/1985;0.005714286
9/3/1985;0
9/4/1985;0
9/5/1985;0.002840909
9/6/1985;0.01416431
9/9/1985;0
9/10/1985;-0.002793296
9/11/1985;-0.002801121
9/12/1985;-0.005617978
9/13/1985;0
9/16/1985;0.01129944
9/17/1985;-0.01675978
9/18/1985;-0.01704546
9/19/1985;0.005780347
9/20/1985;-0.01149425
9/23/1985;0.02325581
9/24/1985;0
9/25/1985;-0.002840909
9/26/1985;0.008547009
9/30/1985;0
10/1/1985;0.02259887
10/2/1985;0.01104972
10/3/1985;-0.00273224
10/4/1985;-0.01917808
10/7/1985;-0.002793296
10/8/1985;0.005602241
10/9/1985;-0.002785515
10/10/1985;0.01675978
10/11/1985;0.02747253
10/14/1985;0.005347594
10/15/1985;-0.007978723
10/16/1985;0.00536193
10/17/1985;0.005333333
10/18/1985;0
10/21/1985;0.00530504
10/22/1985;0.002638523
10/23/1985;-0.01315789
10/24/1985;-0.016
10/25/1985;-0.01626016
10/28/1985;0.01818182
10/29/1985;0.01098901
10/30/1985;0.02173913
10/31/1985;-0.0106383
11/1/1985;0.01612903
11/4/1985;0
11/5/1985;0.01851852
11/6/1985;-0.002597403
11/7/1985;-0.02083333
11/8/1985;0.007978723
11/11/1985;0.01319261
11/12/1985;0.002604167
11/13/1985;0.01818182
11/14/1985;0.04336735
11/15/1985;0.04889975
11/18/1985;0.00932401
11/19/1985;0.02078522
11/20/1985;-0.02488688
11/21/1985;0.01392111
11/22/1985;0.009153318
11/25/1985;-0.01133787
11/26/1985;-0.006880734
11/27/1985;0.002309469
11/29/1985;-0.004608295
12/2/1985;-0.01157407
12/3/1985;0.004683841
12/4/1985;0.02797203
12/5/1985;0.006802721
12/6/1985;-0.02027027
12/9/1985;0.0183908
12/10/1985;0.01128668
12/11/1985;0.008928572
12/12/1985;-0.004424779
12/13/1985;0.02222222
12/16/1985;0.01521739
12/17/1985;0.004282655
12/18/1985;0.002132196
12/19/1985;0
12/20/1985;-0.02340426
12/23/1985;-0.03921569
12/24/1985;-0.006802721
12/26/1985;0.02283105
12/27/1985;0.02232143
12/30/1985;0.008733625
12/31/1985;0.004329004
1/2/1986;-0.00862069
1/3/1986;-0.006521739
1/6/1986;-0.004376368
1/7/1986;0.01538462
1/8/1986;-0.03246753
1/9/1986;-0.01565995
1/10/1986;0.01136364
1/13/1986;0.02921348
1/14/1986;-0.008733625
1/15/1986;0.01321586
1/16/1986;0.0326087
1/17/1986;0.01473684
1/20/1986;-0.002074689
1/21/1986;-0.004158004
1/22/1986;0.006263048
1/23/1986;-0.01037344
1/24/1986;0.01174004
1/27/1986;0.01467505
1/28/1986;0.03512397
1/29/1986;0.0239521
1/30/1986;-0.01754386
1/31/1986;-0.005952381
2/3/1986;0.01397206
2/4/1986;0.01181102
2/5/1986;-0.01361868
2/6/1986;-0.003944773
2/7/1986;0.01782178
2/10/1986;0.02723735
2/11/1986;0.03787879
2/12/1986;0
2/13/1986;0.02919708
2/14/1986;-0.005319149
2/18/1986;0.001782531
2/19/1986;-0.01245552
2/20/1986;0.03603604
2/21/1986;-0.003478261
2/24/1986;-0.005235602
2/25/1986;-0.02631579
2/26/1986;0.01801802
2/27/1986;0.02123894
2/28/1986;-0.005199307
3/3/1986;-0.005226481
3/4/1986;0.008756568
3/5/1986;-0.01041667
3/6/1986;0.01754386
3/7/1986;-0.003448276
3/10/1986;0.001730104
3/11/1986;0.001727116
3/12/1986;-0.006896552
3/13/1986;0.01041667
3/14/1986;0.006872852
3/17/1986;-0.008532424
3/18/1986;0.01032702
3/19/1986;0.03577513
3/20/1986;0.05263158
3/21/1986;-0.009375
3/24/1986;0.01577287
3/25/1986;0.0310559
3/26/1986;-0.001506024
3/27/1986;0.001508296
3/31/1986;-0.01355422
4/1/1986;-0.01984733
4/2/1986;0.03115265
4/3/1986;-0.01963746
4/4/1986;-0.01078582
4/7/1986;-0.01557632
4/8/1986;0.02056962
4/9/1986;0
4/10/1986;0.03410853
4/11/1986;-0.0149925
4/14/1986;-0.00608828
4/15/1986;0.004594181
4/16/1986;0.01981707
4/17/1986;-0.002989537
4/18/1986;0
4/21/1986;0.0149925
4/22/1986;-0.001477105
4/23/1986;-0.00887574
4/24/1986;-0.02089552
4/25/1986;-0.0152439
4/28/1986;-0.008359132
4/29/1986;-0.01577287
4/30/1986;-0.03044872
5/1/1986;0.02479339
5/2/1986;-0.003225806
5/5/1986;0.0210356
5/6/1986;0.00792393
5/7/1986;0.02515723
5/8/1986;-0.01380368
5/9/1986;-0.01088647
5/12/1986;0.001572327
5/13/1986;-0.02040816
5/14/1986;0.009615385
5/15/1986;-0.02222222
5/16/1986;-0.01461039
5/19/1986;0.001647446
5/20/1986;0.006578947
5/21/1986;0.0130719
5/22/1986;0.02258065
5/23/1986;-0.01577287
5/27/1986;0.01442308
5/28/1986;0.01263823
5/29/1986;0.01404056
5/30/1986;-0.009230769
6/2/1986;0.00310559
6/3/1986;0.007739938
6/4/1986;-0.01152074
6/5/1986;-0.00932401
6/6/1986;0.004705882
6/9/1986;-0.03044496
6/10/1986;0.01449275
6/11/1986;0
6/12/1986;0.00952381
6/13/1986;0.0259434
6/16/1986;-0.002298851
6/17/1986;-0.01612903
6/18/1986;-0.00234192
6/19/1986;-0.002347418
6/20/1986;0.01176471
6/23/1986;-0.009302326
6/24/1986;0.01643192
6/25/1986;0.01616628
6/26/1986;0.002272727
6/27/1986;0
6/30/1986;0
7/1/1986;0.006802721
7/2/1986;-0.004504505
7/3/1986;-0.009049774
7/7/1986;-0.04109589
7/8/1986;-0.01428571
7/9/1986;0.004830918
7/10/1986;0.007211538
7/11/1986;-0.002386635
7/14/1986;0.01435407
7/15/1986;0
7/16/1986;0.01179245
7/17/1986;0.03030303
7/18/1986;0.004524887
7/21/1986;0.02252252
7/22/1986;0.002202643
7/23/1986;-0.01098901
7/24/1986;-0.004444445
7/25/1986;0.01785714
7/28/1986;-0.02412281
7/29/1986;0.000898877
7/30/1986;-0.006802721
7/31/1986;-0.02283105
8/1/1986;-0.004672897
8/4/1986;0.03286385
8/5/1986;0
8/6/1986;-0.01590909
8/7/1986;0.004618938
8/8/1986;0.002298851
8/11/1986;0.03899083
8/12/1986;0.03752759
8/13/1986;0.0212766
8/14/1986;-0.004166667
8/15/1986;-0.0125523
8/18/1986;0.008474576
8/19/1986;0.0210084
8/20/1986;0.02674897
8/21/1986;-0.006012024
8/22/1986;0
8/25/1986;-0.008064516
8/26/1986;0.01829268
8/27/1986;0.007984032
8/28/1986;-0.02376238
8/29/1986;-0.03042596
9/2/1986;-0.0209205
9/3/1986;-0.01068376
9/4/1986;-0.002159827
9/5/1986;0.01298701
9/8/1986;-0.01068376
9/9/1986;0
9/10/1986;0
9/11/1986;-0.04967603
9/12/1986;-0.04090909
9/15/1986;0.02369668
9/16/1986;-0.01388889
9/17/1986;0.002347418
9/18/1986;-0.004683841
9/19/1986;-0.02117647
9/22/1986;0.03846154
9/23/1986;0.009259259
9/24/1986;-0.01834862
9/25/1986;-0.02803738
9/26/1986;-0.02163462
9/29/1986;0.02702703
9/30/1986;0.01435407
10/1/1986;0.01886792
10/2/1986;0.01388889
10/3/1986;-0.01598174
10/6/1986;0.01160093
10/7/1986;0.01376147
10/8/1986;0.01357466
10/9/1986;-0.03348214
10/10/1986;-0.004618938
10/13/1986;0.01856148
10/14/1986;0.009111618
10/15/1986;0
10/16/1986;0.01354402
10/17/1986;-0.01113586
10/20/1986;-0.004504505
10/21/1986;-0.01131222
10/22/1986;0.01144165
10/23/1986;0.07013575
10/24/1986;-0.01902748
10/27/1986;0.0112069
10/28/1986;-0.00862069
10/29/1986;0.002173913
10/30/1986;0.006507592
10/31/1986;-0.01077586
11/3/1986;0.03267974
11/4/1986;-0.01476793
11/5/1986;0.006423983
11/6/1986;0.004255319
11/7/1986;-0.01483051
11/10/1986;-0.01935484
11/11/1986;0
11/12/1986;0.002192982
11/13/1986;-0.01969365
11/14/1986;-0.006696429
11/17/1986;0.01573034
11/18/1986;-0.02433628
11/19/1986;0.03401361
11/20/1986;0.01754386
11/21/1986;0.01508621
11/24/1986;0.01061571
11/25/1986;0
11/26/1986;-0.01260504
11/28/1986;-0.004255319
12/1/1986;0.02350427
12/2/1986;0.006263048
12/3/1986;-0.01037344
12/4/1986;-0.01467505
12/5/1986;-0.004255319
12/8/1986;-0.01709402
12/9/1986;-0.002173913
12/10/1986;0.008714597
12/11/1986;-0.02807775
12/12/1986;-0.002222222
12/15/1986;0.02895323
12/16/1986;-0.008658009
12/17/1986;0.004366812
12/18/1986;0
12/19/1986;0.008695652
12/22/1986;-0.006465517
12/23/1986;-0.03036876
12/24/1986;0.02684564
12/26/1986;0.004357298
12/29/1986;-0.004338395
12/30/1986;-0.004357298
12/31/1986;-0.01531729
1/2/1987;0.02444444
1/5/1987;0.04121475
1/6/1987;0.01041667
1/7/1987;0.04329897
1/8/1987;-0.009881423
1/9/1987;0.01796407
1/12/1987;0.02156863
1/13/1987;0.0134357
1/14/1987;0.04545455
1/15/1987;0.02173913
1/16/1987;-0.007092198
1/19/1987;0.003571429
1/20/1987;0.01423488
1/21/1987;0.01052632
1/22/1987;0.06597222
1/23/1987;-0.03257329
1/26/1987;-0.004713805
1/27/1987;0.02047782
1/28/1987;-0.001672241
1/29/1987;-0.001675042
1/30/1987;-0.001677852
2/2/1987;0.0184874
2/3/1987;0.00330033
2/4/1987;0.01315789
2/5/1987;0.03246753
2/6/1987;-0.02830189
2/9/1987;-0.02265372
2/10/1987;-0.02649007
2/11/1987;0.02040816
2/12/1987;-0.003333333
2/13/1987;0.01839465
2/17/1987;0.0361248
2/18/1987;0
2/19/1987;0.001584786
2/20/1987;-0.01424051
2/23/1987;-0.01444623
2/24/1987;0.004885993
2/25/1987;0.006482982
2/26/1987;-0.02093398
2/27/1987;0.00493421
3/2/1987;0.01145663
3/3/1987;-0.006472492
3/4/1987;0.03257329
3/5/1987;0.006309148
3/6/1987;0.01567398
3/9/1987;0.007716049
3/10/1987;0.004594181
3/11/1987;0.007621951
3/12/1987;-0.01210287
3/13/1987;-0.0229709
3/16/1987;-0.01567398
3/17/1987;0.02229299
3/18/1987;0
3/19/1987;0.007788162
3/20/1987;0.00618238
3/23/1987;0.01228879
3/24/1987;-0.01062215
3/25/1987;0.02760736
3/26/1987;0.005970149
3/27/1987;-0.01038576
3/30/1987;-0.01649175
3/31/1987;0.02896341
4/1/1987;0.03111111
4/2/1987;-0.01293103
4/3/1987;0.01892285
4/6/1987;0.03
4/7/1987;-0.01386963
4/8/1987;-0.00140647
4/9/1987;-0.02816901
4/10/1987;-0.001449275
4/13/1987;-0.01015965
4/14/1987;-0.03519062
4/15/1987;0.006079027
4/16/1987;0.02567976
4/20/1987;-0.02798233
4/21/1987;0.03636364
4/22/1987;-0.00877193
4/23/1987;0.004424779
4/24/1987;-0.03230543
4/27/1987;-0.01213961
4/28/1987;0.01395349
4/29/1987;0.07339449
4/30/1987;0.03703704
5/1/1987;0.07692308
5/4/1987;-0.005102041
5/5/1987;-0.001282051
5/6/1987;0.01668806
5/7/1987;0.01262626
5/8/1987;-0.002493766
5/11/1987;-0.02875
5/12/1987;-0.005148005
5/13/1987;0.01164295
5/14/1987;-0.01278772
5/15/1987;-0.02720207
5/18/1987;-0.03328895
5/19/1987;-0.01652892
5/20/1987;-0.01540616
5/21/1987;0.0113798
5/22/1987;0.01969058
5/26/1987;0.01517241
5/27/1987;-0.002717391
5/28/1987;-0.01498638
5/29/1987;0.005532504
6/1/1987;0.009628611
6/2/1987;-0.004087193
6/3/1987;0.03556772
6/4/1987;-0.003963012
6/5/1987;-0.00530504
6/8/1987;0.006666667
6/9/1987;0.005298013
6/10/1987;-0.01185771
6/11/1987;-0.001333333
6/12/1987;-0.002670227
6/15/1987;0.04016064
6/16/1987;0.01029601
6/17/1987;-0.03057325
6/18/1987;0.005256242
6/19/1987;0.005228758
6/22/1987;0.00130039
6/23/1987;0.003896104
6/24/1987;0.002587322
6/25/1987;0.02967742
6/26/1987;0.02255639
6/29/1987;-0.01348039
6/30/1987;-0.01614907
7/1/1987;-0.006313131
7/2/1987;0.01143583
7/6/1987;-0.01758794
7/7/1987;0.02046036
7/8/1987;0.01754386
7/9/1987;-0.006157635
7/10/1987;0.01115242
7/13/1987;0.01348039
7/14/1987;0.03143894
7/15/1987;-0.001172333
7/16/1987;0.004694836
7/17/1987;0.009345794
7/20/1987;-0.01388889
7/21/1987;0
7/22/1987;-0.001173709
7/23/1987;-0.02350176
7/24/1987;0.001203369
7/27/1987;-0.009615385
7/28/1987;-0.008495146
7/29/1987;0.004932182
7/30/1987;0.001226994
7/31/1987;-0.003676471
8/3/1987;0.002460025
8/4/1987;0.03190184
8/5/1987;0.001189061
8/6/1987;-0.004750594
8/7/1987;-0.01073986
8/10/1987;0.02412545
8/11/1987;0.003533569
8/12/1987;0.01877934
8/13/1987;0.005760369
8/14/1987;0.006872852
8/17/1987;0.01365188
8/18/1987;-0.02132436
8/19/1987;-0.001146789
8/20/1987;0.01492537
8/21/1987;-0.002262444
8/24/1987;-0.00340136
8/25/1987;0.01592719
8/26/1987;-0.002239642
8/27/1987;-0.0325477
8/28/1987;-0.004640371
8/31/1987;0.006993007
9/1/1987;-0.0150463
9/2/1987;-0.009400705
9/3/1987;-0.01423488
9/4/1987;-0.01805054
9/8/1987;0.004901961
9/9/1987;0.006097561
9/10/1987;0
9/11/1987;0.004848485
9/14/1987;0.03015682
9/15/1987;-0.01990632
9/16/1987;-0.005973716
9/17/1987;0.007211538
9/18/1987;-0.01551313
9/21/1987;-0.01333333
9/22/1987;0.01351351
9/23/1987;0.003636364
9/24/1987;-0.02415459
9/25/1987;-0.03712871
9/28/1987;0.01156812
9/29/1987;-0.02541296
9/30/1987;0.02216428
10/1/1987;0.03188775
10/2/1987;-0.009888751
10/5/1987;-0.006242197
10/6/1987;-0.02638191
10/7/1987;-0.01548387
10/8/1987;-0.009174312
10/9/1987;0.002645503
10/12/1987;-0.01055409
10/13/1987;0.02133333
10/14/1987;-0.03394256
10/15/1987;-0.05945946
10/16/1987;-0.0316092
10/19/1987;-0.1810089
10/20/1987;0.04347826
10/21/1987;0.06944445
10/22/1987;-0.04220779
10/23/1987;0.00338983
10/26/1987;-0.08108108
10/27/1987;0.04411765
10/28/1987;0.02857143
10/29/1987;0.02430556
10/30/1987;0.02372881
11/2/1987;0.009933775
11/3/1987;0
11/4/1987;-0.003278689
11/5/1987;0.03289474
11/6/1987;-0.0366242
11/9/1987;-0.02975207
11/10/1987;-0.02214651
11/11/1987;0
11/12/1987;0.03832753
11/13/1987;0.01174497
11/16/1987;0.02155887
11/17/1987;-0.01461039
11/18/1987;0.01482702
11/19/1987;-0.02435065
11/20/1987;0.00499168
11/23/1987;0.003311258
11/24/1987;0.00660066
11/25/1987;-0.02622951
11/27/1987;-0.01683502
11/30/1987;-0.02568493
12/1/1987;0.02811951
12/2/1987;0.02222222
12/3/1987;-0.03010033
12/4/1987;-0.001724138
12/7/1987;0.03972366
12/8/1987;0
12/9/1987;0.004983389
12/10/1987;-0.03140496
12/11/1987;0.005119454
12/14/1987;0.0237691
12/15/1987;0.00331675
12/16/1987;0.01818182
12/17/1987;-0.01623377
12/18/1987;0.00990099
12/21/1987;0.02287582
12/22/1987;0
12/23/1987;0.006389776
12/24/1987;-0.003174603
12/28/1987;-0.01910828
12/29/1987;-0.006493506
12/30/1987;0
12/31/1987;-0.01470588
1/4/1988;0.04477612
1/5/1988;0.01269841
1/6/1988;0.01253918
1/7/1988;0.01857585
1/8/1988;-0.06231003
1/11/1988;0.03727715
1/12/1988;-0.0078125
1/13/1988;-0.007874016
1/14/1988;0
1/15/1988;0.05396825
1/18/1988;0.04216867
1/19/1988;-0.00867052
1/20/1988;-0.05539359
1/21/1988;0.0308642
1/22/1988;0.002994012
1/25/1988;0.02089552
1/26/1988;0.01183432
1/27/1988;-0.00877193
1/28/1988;0.005899705
1/29/1988;-0.002932551
2/1/1988;0.01176471
2/2/1988;-0.002906977
2/3/1988;-0.02040816
2/4/1988;0.005952381
2/5/1988;-0.03254438
2/8/1988;-0.01529052
2/9/1988;0.0310559
2/10/1988;0.02710843
2/11/1988;0.005865103
2/12/1988;0.01166181
2/16/1988;0.01440922
2/17/1988;0.01136364
2/18/1988;-0.0505618
2/19/1988;0.0591716
2/22/1988;-0.01117318
2/23/1988;0.005649718
2/24/1988;0.01404494
2/25/1988;-0.01939058
2/26/1988;0
2/29/1988;0.01977401
3/1/1988;0.008310249
3/2/1988;0.008241759
3/3/1988;0.002724796
3/4/1988;0
3/7/1988;0
3/8/1988;-0.005434783
3/9/1988;-0.0136612
3/10/1988;-0.03878116
3/11/1988;0.02305475
3/14/1988;-0.002816901
3/15/1988;-0.005649718
3/16/1988;0.002840909
3/17/1988;0.01133144
3/18/1988;0.002801121
3/21/1988;-0.01396648
3/22/1988;-0.008498584
3/23/1988;0
3/24/1988;-0.01428571
3/25/1988;-0.02608696
3/28/1988;0.005952381
3/29/1988;0.00591716
3/30/1988;0.02647059
3/31/1988;-0.01719198
4/4/1988;0.01457726
4/5/1988;0.02011494
4/6/1988;0.04225352
4/7/1988;-0.01621622
4/8/1988;0.02472528
4/11/1988;0.01340483
4/12/1988;0
4/13/1988;-0.002645503
4/14/1988;-0.05039788
4/15/1988;0.01117318
4/18/1988;0.01104972
4/19/1988;-0.01092896
4/20/1988;-0.01104972
4/21/1988;0.01117318
4/22/1988;0.01381215
4/25/1988;0.02724796
4/26/1988;0.004774536
4/27/1988;0.01604278
4/28/1988;0.002631579
4/29/1988;-0.007874016
5/2/1988;0.007936508
5/3/1988;0.02099738
5/4/1988;-0.01542416
5/5/1988;0
5/6/1988;-0.01827676
5/9/1988;-0.002659574
5/10/1988;0.01066667
5/11/1988;-0.01319261
5/12/1988;0.01069519
5/13/1988;0.01587302
5/16/1988;0.015625
5/17/1988;-0.005128205
5/18/1988;-0.0257732
5/19/1988;0
5/20/1988;-0.005291005
5/23/1988;-0.01595745
5/24/1988;-0.008108108
5/25/1988;0.01089918
5/26/1988;-0.002695418
5/27/1988;-0.008108108
5/31/1988;0.04904632
6/1/1988;0.01298701
6/2/1988;0.005128205
6/3/1988;0.005102041
6/6/1988;0.02538071
6/7/1988;-0.002475247
6/8/1988;0.01985112
6/9/1988;0.00486618
6/10/1988;0.002421308
6/13/1988;-0.007246377
6/14/1988;0.02189781
6/15/1988;0.00952381
6/16/1988;-0.01650943
6/17/1988;0.009592326
6/20/1988;-0.01425178
6/21/1988;0.02168675
6/22/1988;0.01650943
6/23/1988;-0.01392111
6/24/1988;-0.01647059
6/27/1988;-0.009569378
6/28/1988;0.03140097
6/29/1988;-0.01405152
6/30/1988;0.01187648
7/1/1988;-0.009389671
7/5/1988;0.02369668
7/6/1988;-0.01157407
7/7/1988;0.00234192
7/8/1988;-0.01168224
7/11/1988;-0.0141844
7/12/1988;-0.01199041
7/13/1988;0.002427184
7/14/1988;-0.004842615
7/15/1988;0.01216545
7/18/1988;-0.009615385
7/19/1988;0.007281553
7/20/1988;0.01445783
7/21/1988;-0.01187648
7/22/1988;-0.01682692
7/25/1988;-0.007334963
7/26/1988;0.01231527
7/27/1988;-0.002919707
7/28/1988;0.02962963
7/29/1988;0.01678657
8/1/1988;0.009433962
8/2/1988;-0.007009346
8/3/1988;0.01411765
8/4/1988;0.004640371
8/5/1988;-0.006928407
8/8/1988;-0.01395349
8/9/1988;-0.02122642
8/10/1988;-0.0313253
8/11/1988;0
8/12/1988;0.002487562
8/15/1988;-0.01736973
8/16/1988;0.002525253
8/17/1988;-0.01259446
8/18/1988;0.01020408
8/19/1988;-0.01767677
8/22/1988;-0.03598972
8/23/1988;0.01066667
8/24/1988;0.03430079
8/25/1988;-0.01020408
8/26/1988;-0.005154639
8/29/1988;0.02072539
8/30/1988;-0.002538071
8/31/1988;0.002544529
9/1/1988;-0.007614213
9/2/1988;0.02557545
9/6/1988;0.009975063
9/7/1988;-0.004938272
9/8/1988;-0.004962779
9/9/1988;0.002493766
9/12/1988;0.0199005
9/13/1988;0.004878049
9/14/1988;0.004854369
9/15/1988;-0.009661836
9/16/1988;-0.02195122
9/19/1988;-0.01246883
9/20/1988;0.005050505
9/21/1988;0.005025126
9/22/1988;-0.01
9/23/1988;0.02525252
9/26/1988;0
9/27/1988;-0.002463054
9/28/1988;0.002469136
9/29/1988;0.01477833
9/30/1988;-0.007281553
10/3/1988;0.01466993
10/4/1988;-0.009638554
10/5/1988;0.00973236
10/6/1988;0
10/7/1988;0.02409638
10/10/1988;0.007058823
10/11/1988;-0.002336449
10/12/1988;-0.02810304
10/13/1988;-0.01927711
10/14/1988;0.01474201
10/17/1988;0.004842615
10/18/1988;0.009638554
10/19/1988;-0.01670644
10/20/1988;0.04126213
10/21/1988;-0.002331002
10/24/1988;0.002336449
10/25/1988;0.01864802
10/26/1988;-0.01647597
10/27/1988;0.002352941
10/28/1988;-0.01643192
10/31/1988;-0.01670644
11/1/1988;0
11/2/1988;-0.002427184
11/3/1988;-0.01703163
11/4/1988;-0.01732673
11/7/1988;0.02770781
11/8/1988;0.00245098
11/9/1988;0
11/10/1988;-0.002444988
11/11/1988;-0.02205882
11/14/1988;-0.002506266
11/15/1988;0.01005025
11/16/1988;-0.01492537
11/17/1988;-0.002525253
11/18/1988;0.002531646
11/21/1988;0.002525253
11/22/1988;0.01511335
11/23/1988;0.01488834
11/25/1988;-0.02200489
11/28/1988;-0.0025
11/29/1988;0.02756892
11/30/1988;0.01463415
12/1/1988;0.002403846
12/2/1988;-0.007194245
12/5/1988;0.01690821
12/6/1988;0.004750594
12/7/1988;-0.004728132
12/8/1988;-0.01187648
12/9/1988;0.007211538
12/12/1988;0
12/13/1988;-0.002386635
12/14/1988;-0.009569378
12/15/1988;-0.01449275
12/16/1988;-0.004901961
12/19/1988;0.01724138
12/20/1988;0.002421308
12/21/1988;-0.009661836
12/22/1988;-0.004878049
12/23/1988;0
12/27/1988;-0.00245098
12/28/1988;-0.004914005
12/29/1988;0.01728395
12/30/1988;-0.01941748
1/3/1989;-0.002475247
1/4/1989;0.01488834
1/5/1989;0.007334963
1/6/1989;-0.002427184
1/9/1989;-0.00486618
1/10/1989;0
1/11/1989;0.02933985
1/12/1989;0.004750594
1/13/1989;0
1/16/1989;-0.004728132
1/17/1989;-0.009501188
1/18/1989;0.01678657
1/19/1989;-0.002358491
1/20/1989;-0.007092198
1/23/1989;-0.004761905
1/24/1989;0.009569379
1/25/1989;-0.002403846
1/26/1989;-0.004819277
1/27/1989;0.01694915
1/30/1989;0.02142857
1/31/1989;0.01864802
2/1/1989;0.009153318
2/2/1989;0
2/3/1989;-0.009070295
2/6/1989;0.002288329
2/7/1989;0.02054795
2/8/1989;0.004474273
2/9/1989;-0.01781737
2/10/1989;-0.02494331
2/13/1989;0.002325581
2/14/1989;-0.006960557
2/15/1989;0.01168224
2/16/1989;-0.009237875
2/17/1989;0.006993007
2/21/1989;-0.00462963
2/22/1989;-0.01860465
2/23/1989;0.007109005
2/24/1989;-0.02588235
2/27/1989;0.002415459
2/28/1989;-0.004819277
3/1/1989;-0.002421308
3/2/1989;0.007281553
3/3/1989;0.007228916
3/6/1989;-0.009569378
3/7/1989;-0.01449275
3/8/1989;-0.004901961
3/9/1989;0.007389163
3/10/1989;-0.007334963
3/13/1989;0.007389163
3/14/1989;-0.01466993
3/15/1989;-0.00248139
3/16/1989;0.01741293
3/17/1989;-0.02444988
3/20/1989;-0.01503759
3/21/1989;-0.005089059
3/22/1989;-0.01023018
3/23/1989;0.002583979
3/27/1989;0.007731959
3/28/1989;0
3/29/1989;-0.007672634
3/30/1989;0.005154639
3/31/1989;0.002564103
4/3/1989;0.01023018
4/4/1989;-0.01518987
4/5/1989;-0.02313625
4/6/1989;-0.01315789
4/7/1989;0.01866667
4/10/1989;-0.007853403
4/11/1989;-0.002638523
4/12/1989;-0.007936508
4/13/1989;0.002666667
4/14/1989;0.0212766
4/17/1989;-0.002604167
4/18/1989;0.0156658
4/19/1989;0
4/20/1989;-0.007712082
4/21/1989;0.01554404
4/24/1989;-0.0127551
4/25/1989;0.007751938
4/26/1989;0.01282051
4/27/1989;-0.01542416
4/28/1989;-0.002610966
5/1/1989;-0.002617801
5/2/1989;-0.005249344
5/3/1989;-0.007915568
5/4/1989;-0.002659574
5/5/1989;-0.002666667
5/8/1989;-0.005347594
5/9/1989;-0.002688172
5/10/1989;0
5/11/1989;0.008086253
5/12/1989;0.02139037
5/15/1989;0.01570681
5/16/1989;0.00257732
5/17/1989;0.02313625
5/18/1989;0
5/19/1989;0.005025126
5/22/1989;-0.0125
5/23/1989;-0.02531646
5/24/1989;-0.01558442
5/25/1989;-0.007915568
5/26/1989;0.02393617
5/30/1989;0.007792208
5/31/1989;0.005154639
6/1/1989;0.01282051
6/2/1989;0.005063291
6/5/1989;-0.002518892
6/6/1989;0.01010101
6/7/1989;-0.02
6/8/1989;-0.01020408
6/9/1989;0
6/12/1989;0.007731959
6/13/1989;0
6/14/1989;0.01023018
6/15/1989;-0.007594937
6/16/1989;-0.00255102
6/19/1989;-0.002557545
6/20/1989;0.007692308
6/21/1989;-0.007633588
6/22/1989;-0.002564103
6/23/1989;0.01285347
6/26/1989;-0.01015228
6/27/1989;0
6/28/1989;0.01025641
6/29/1989;-0.02030457
6/30/1989;0.005181347
7/3/1989;0.00257732
7/5/1989;-0.007712082
7/6/1989;-0.002590674
7/7/1989;-0.007792208
7/10/1989;-0.002617801
7/11/1989;0.007874016
7/12/1989;0.01041667
7/13/1989;0
7/14/1989;0.007731959
7/17/1989;0.002557545
7/18/1989;-0.005102041
7/19/1989;0.02564103
7/20/1989;-0.0175
7/21/1989;0.01272265
7/24/1989;-0.005025126
7/25/1989;0.005050505
7/26/1989;0.01507538
7/27/1989;-0.007425743
7/28/1989;0.004987531
7/31/1989;0.005037783
8/1/1989;-0.007518797
8/2/1989;0.01010101
8/3/1989;0
8/4/1989;-0.0025
8/7/1989;0.007518797
8/8/1989;0.002487562
8/9/1989;-0.009925558
8/10/1989;0.005012531
8/11/1989;-0.002493766
8/14/1989;0.0025
8/15/1989;0.01745636
8/16/1989;0.01715686
8/17/1989;-0.01686747
8/18/1989;0.007352941
8/21/1989;-0.00243309
8/22/1989;0
8/23/1989;0.01219512
8/24/1989;0.009638554
8/25/1989;0.007159905
8/28/1989;0.004739337
8/29/1989;-0.01415094
8/30/1989;0.01435407
8/31/1989;0.01650943
9/1/1989;0.006960557
9/5/1989;-0.01152074
9/6/1989;-0.01165501
9/7/1989;-0.002358491
9/8/1989;0.0141844
9/11/1989;0.002331002
9/12/1989;-0.004651163
9/13/1989;-0.02570093
9/14/1989;0
9/15/1989;-0.002398082
9/18/1989;0
9/19/1989;-0.007211538
9/20/1989;-0.01452785
9/21/1989;-0.002457002
9/22/1989;0.01477833
9/25/1989;-0.01213592
9/26/1989;0.004914005
9/27/1989;-0.002444988
9/28/1989;0
9/29/1989;-0.00245098
10/2/1989;0.007371007
10/3/1989;0.02682927
10/4/1989;0.01187648
10/5/1989;-0.002347418
10/6/1989;0.002352941
10/9/1989;0
10/10/1989;-0.007042253
10/11/1989;-0.007092198
10/12/1989;-0.00952381
10/13/1989;-0.05769231
10/16/1989;0.03571429
10/17/1989;-0.01724138
10/18/1989;-0.002506266
10/19/1989;0.005025126
10/20/1989;0
10/23/1989;-0.0025
10/24/1989;-0.01503759
10/25/1989;-0.01017812
10/26/1989;-0.007712082
10/27/1989;-0.007894737
10/30/1989;-0.00795756
10/31/1989;0.01336898
11/1/1989;-0.005277045
11/2/1989;-0.0132626
11/3/1989;-0.0188172
11/6/1989;-0.03835616
11/7/1989;0.01994302
11/8/1989;0.005586592
11/9/1989;-0.008333334
11/10/1989;0.008403362
11/13/1989;-0.005555556
11/14/1989;-0.01117318
11/15/1989;0.005649718
11/16/1989;0.002808989
11/17/1989;0.005602241
11/20/1989;-0.01949861
11/21/1989;-0.005681818
11/22/1989;0.002857143
11/24/1989;0.008547009
11/27/1989;0.02542373
11/28/1989;0.005509642
11/29/1989;-0.01643836
11/30/1989;-0.005571031
12/1/1989;0.01960784
12/4/1989;0.002747253
12/5/1989;-0.008219178
12/6/1989;0
12/7/1989;-0.002762431
12/8/1989;-0.005540166
12/11/1989;-0.01392758
12/12/1989;0.008474576
12/13/1989;0.002801121
12/14/1989;-0.01675978
12/15/1989;-0.008522728
12/18/1989;-0.02005731
12/19/1989;-0.02631579
12/20/1989;0.006006006
12/21/1989;0.0238806
12/22/1989;0
12/26/1989;0.002915452
12/27/1989;0.005813953
12/28/1989;0.00867052
12/29/1989;0
1/2/1990;0.03724928
1/3/1990;0.005524862
1/4/1990;0
1/5/1990;-0.01373626
1/8/1990;0
1/9/1990;-0.01671309
1/10/1990;0.008498584
1/11/1990;0.01123596
1/12/1990;-0.02777778
1/15/1990;-0.01142857
1/16/1990;0.04046243
1/17/1990;-0.01666667
1/18/1990;0
1/19/1990;0.008474576
1/22/1990;-0.02521008
1/23/1990;0.01149425
1/24/1990;-0.02272727
1/25/1990;-0.01183432
1/26/1990;0.01497006
1/29/1990;0.005899705
1/30/1990;-0.002932551
1/31/1990;0.01470588
2/1/1990;-0.008695652
2/2/1990;0.00877193
2/5/1990;0.008695652
2/6/1990;-0.01436782
2/7/1990;0.04664723
2/8/1990;-0.01949861
2/9/1990;0
2/12/1990;0
2/13/1990;0.002840909
2/14/1990;0.01133144
2/15/1990;0.0140056
2/16/1990;-0.01933702
2/20/1990;-0.008450705
2/21/1990;0.02840909
2/22/1990;-0.01381215
2/23/1990;0.002801121
2/26/1990;0.02513967
2/27/1990;0.005449591
2/28/1990;-0.002710027
3/1/1990;-0.002717391
3/2/1990;0.02724796
3/5/1990;-0.00530504
3/6/1990;0.016
3/7/1990;-0.01049869
3/8/1990;0.01061008
3/9/1990;-0.005249344
3/12/1990;0.01319261
3/13/1990;0.002604167
3/14/1990;-0.01038961
3/15/1990;0.005249344
3/16/1990;0.0156658
3/19/1990;-0.007712082
3/20/1990;0.005181347
3/21/1990;-0.01030928
3/22/1990;0.01041667
3/23/1990;-0.005154639
3/26/1990;0.005181347
3/27/1990;0.005154639
3/28/1990;0
3/29/1990;-0.01538462
3/30/1990;-0.015625
4/2/1990;0.002645503
4/3/1990;0.01055409
4/4/1990;-0.007832898
4/5/1990;-0.01052632
4/6/1990;-0.002659574
4/9/1990;0
4/10/1990;0
4/11/1990;-0.008
4/12/1990;0
4/16/1990;0.005376344
4/17/1990;0.00802139
4/18/1990;0.01856764
4/19/1990;0.005208333
4/20/1990;-0.005181347
4/23/1990;-0.01041667
4/24/1990;-0.01578947
4/25/1990;-0.005347594
4/26/1990;-0.005376344
4/27/1990;-0.02472528
4/30/1990;-0.005633803
5/1/1990;0.005665722
5/2/1990;0.02535211
5/3/1990;0.002747253
5/4/1990;0.005479452
5/7/1990;-0.002724796
5/8/1990;0.0136612
5/9/1990;-0.01078167
5/10/1990;-0.008174387
5/11/1990;0.01923077
5/14/1990;0.02425876
5/15/1990;0.005263158
5/16/1990;0
5/17/1990;0
5/18/1990;-0.013089
5/21/1990;0.01061008
5/22/1990;0
5/23/1990;-0.01049869
5/24/1990;-0.0132626
5/25/1990;0.002688172
5/29/1990;0.01072386
5/30/1990;-0.0132626
5/31/1990;-0.008064516
6/1/1990;0.01626016
6/4/1990;0.024
6/5/1990;-0.01302083
6/6/1990;-0.01846966
6/7/1990;-0.005376344
6/8/1990;-0.008108108
6/11/1990;0.002724796
6/12/1990;0.01358696
6/13/1990;-0.00536193
6/14/1990;0
6/15/1990;-0.01347709
6/18/1990;-0.01912568
6/19/1990;0.002785515
6/20/1990;-0.002777778
6/21/1990;-0.008356546
6/22/1990;-0.002808989
6/25/1990;-0.01408451
6/26/1990;-0.008571428
6/27/1990;0.008645534
6/28/1990;0.002857143
6/29/1990;-0.002849003
7/2/1990;0.01428571
7/3/1990;0.01408451
7/5/1990;-0.02222222
7/6/1990;0
7/9/1990;0.005681818
7/10/1990;-0.02259887
7/11/1990;-0.005780347
7/12/1990;0.02325581
7/13/1990;0.005681818
7/16/1990;-0.01412429
7/17/1990;0.00286533
7/18/1990;-0.005714286
7/19/1990;0.01436782
7/20/1990;-0.01983003
7/23/1990;-0.00867052
7/24/1990;-0.01166181
7/25/1990;-0.002949852
7/26/1990;-0.00887574
7/27/1990;0.008955224
7/30/1990;0.003012048
7/31/1990;-0.003003003
8/1/1990;-0.009036144
8/2/1990;-0.03039514
8/3/1990;0
8/6/1990;-0.03448276
8/7/1990;-0.01298701
8/8/1990;0.003289474
8/9/1990;0.003278689
8/10/1990;-0.0130719
8/13/1990;-0.006622517
8/14/1990;0.01333333
8/15/1990;0.003289474
8/16/1990;-0.0295082
8/17/1990;-0.02027027
8/20/1990;-0.006896552
8/21/1990;-0.02777778
8/22/1990;-0.02142857
8/23/1990;-0.03284672
8/24/1990;0.03773585
8/27/1990;0.03272727
8/28/1990;0.01056338
8/29/1990;0
8/30/1990;-0.03135889
8/31/1990;0.003597122
9/4/1990;-0.003584229
9/5/1990;-0.003597122
9/6/1990;-0.01083033
9/7/1990;0.02554744
9/10/1990;-0.007117438
9/11/1990;0.007168459
9/12/1990;0.01067616
9/13/1990;-0.02112676
9/14/1990;-0.003597122
9/17/1990;0.003610108
9/18/1990;0.01438849
9/19/1990;-0.0141844
9/20/1990;-0.02877698
9/21/1990;0.003703704
9/24/1990;-0.0295203
9/25/1990;0.007604563
9/26/1990;-0.02264151
9/27/1990;-0.01930502
9/28/1990;-0.02755906
10/1/1990;0.01214575
10/2/1990;0.032
10/3/1990;0
10/4/1990;-0.007751938
10/5/1990;0.01953125
10/8/1990;0.003831418
10/9/1990;-0.05343511
10/10/1990;-0.03225806
10/11/1990;-0.004166667
10/12/1990;0.0292887
10/15/1990;0.03252032
10/16/1990;-0.02755906
10/17/1990;-0.008097166
10/18/1990;0
10/19/1990;0.0244898
10/22/1990;0.01992032
10/23/1990;-0.0078125
10/24/1990;0.007874016
10/25/1990;-0.0078125
10/26/1990;-0.03937008
10/29/1990;-0.004201681
10/30/1990;-0.06751055
10/31/1990;0.004524887
11/1/1990;-0.01351351
11/2/1990;-0.01826484
11/5/1990;0.01395349
11/6/1990;0.009174312
11/7/1990;-0.02727273
11/8/1990;-0.009345794
11/9/1990;0.03301887
11/12/1990;0.04109589
11/13/1990;-0.004385965
11/14/1990;0.03964758
11/15/1990;-0.04237288
11/16/1990;-0.01327434
11/19/1990;-0.00896861
11/20/1990;-0.02262443
11/21/1990;-0.00462963
11/23/1990;0
11/26/1990;0.02790698
11/27/1990;-0.02262443
11/28/1990;0
11/29/1990;0
11/30/1990;0.01388889
12/3/1990;0
12/4/1990;0.01369863
12/5/1990;-0.009009009
12/6/1990;0.004545454
12/7/1990;0
12/10/1990;0.009049774
12/11/1990;-0.00896861
12/12/1990;-0.05429864
12/13/1990;-0.01435407
12/14/1990;-0.01941748
12/17/1990;0.01485149
12/18/1990;0.004878049
12/19/1990;-0.004854369
12/20/1990;-0.004878049
12/21/1990;0.03431373
12/24/1990;0
12/26/1990;0.009478673
12/27/1990;0.004694836
12/28/1990;0
12/31/1990;-0.004672897
1/2/1991;-0.01408451
1/3/1991;-0.00952381
1/4/1991;0.01923077
1/7/1991;-0.03773585
1/8/1991;0
1/9/1991;-0.01470588
1/10/1991;0.0199005
1/11/1991;-0.004878049
1/14/1991;-0.009803922
1/15/1991;0.01485149
1/16/1991;0.009756098
1/17/1991;0.02415459
1/18/1991;0.01415094
1/21/1991;-0.01395349
1/22/1991;0.004716981
1/23/1991;0.03755869
1/24/1991;-0.004524889
1/25/1991;-0.01869159
1/28/1991;0
1/29/1991;0.01904762
1/30/1991;0.04205608
1/31/1991;0.004484305
2/1/1991;0.01785714
2/4/1991;0.03947368
2/5/1991;-0.008438818
2/6/1991;0.01276596
2/7/1991;0.004201681
2/8/1991;0.0376569
2/11/1991;0.0483871
2/12/1991;-0.04230769
2/13/1991;-0.01204819
2/14/1991;-0.008130081
2/15/1991;0.02868852
2/19/1991;-0.02390438
2/20/1991;-0.02857143
2/21/1991;-0.004201681
2/22/1991;-0.004219409
2/25/1991;0.01694915
2/26/1991;-0.01666667
2/27/1991;0.03389831
2/28/1991;0.06967213
3/1/1991;0.01915709
3/4/1991;-0.003759399
3/5/1991;0.02641509
3/6/1991;0.003676471
3/7/1991;0
3/8/1991;-0.003663004
3/11/1991;-0.007352941
3/12/1991;0
3/13/1991;0.01111111
3/14/1991;0.003663004
3/15/1991;0.00729927
3/18/1991;0.007246377
3/19/1991;-0.0323741
3/20/1991;-0.02230483
3/21/1991;-0.02281369
3/22/1991;0.01945525
3/25/1991;0
3/26/1991;0.02290076
3/27/1991;-0.01492537
3/28/1991;-0.01893939
4/1/1991;-0.01930502
4/2/1991;0.01968504
4/3/1991;-0.007722008
4/4/1991;-0.0155642
4/5/1991;-0.01976285
4/8/1991;0.004032258
4/9/1991;0.01606426
4/10/1991;0.007905139
4/11/1991;0
4/12/1991;-0.01176471
4/15/1991;0.003968254
4/16/1991;0.01581028
4/17/1991;0.01167315
4/18/1991;0.03846154
4/19/1991;0.003703704
4/22/1991;-0.03690037
4/23/1991;0.01149425
4/24/1991;0.007575758
4/25/1991;-0.01503759
4/26/1991;0.008396947
4/29/1991;-0.02298851
4/30/1991;0.01960784
5/1/1991;0.03076923
5/2/1991;0
5/3/1991;0.02238806
5/6/1991;-0.02554744
5/7/1991;-0.01872659
5/8/1991;-0.007633588
5/9/1991;0.01538462
5/10/1991;-0.01136364
5/13/1991;-0.003831418
5/14/1991;-0.02307692
5/15/1991;0.003937008
5/16/1991;0.007843138
5/17/1991;-0.003891051
5/20/1991;-0.00390625
5/21/1991;0.01568628
5/22/1991;0.01158301
5/23/1991;0
5/24/1991;0.01908397
5/28/1991;0.03745318
5/29/1991;0.03610108
5/30/1991;0
5/31/1991;0.02787456
6/3/1991;-0.006779661
6/4/1991;-0.006825938
6/5/1991;-0.01718213
6/6/1991;0.003496503
6/7/1991;-0.02090592
6/10/1991;-0.02491103
6/11/1991;0.04379562
6/12/1991;-0.01398601
6/13/1991;-0.003546099
6/14/1991;0.04982206
6/17/1991;-0.006779661
6/18/1991;0.01023891
6/19/1991;-0.01013513
6/20/1991;0.003412969
6/21/1991;0.02721088
6/24/1991;-0.02980132
6/25/1991;0
6/26/1991;-0.006825938
6/27/1991;0.0137457
6/28/1991;-0.02372881
7/1/1991;0.01736111
7/2/1991;0.003412969
7/3/1991;-0.02380952
7/5/1991;-0.006968641
7/8/1991;0.01052632
7/9/1991;-0.02777778
7/10/1991;0.003571429
7/11/1991;-0.003558719
7/12/1991;0.01785714
7/15/1991;-0.02807018
7/16/1991;0.01083033
7/17/1991;-0.003571429
7/18/1991;0
7/19/1991;-0.007168459
7/22/1991;-0.007220217
7/23/1991;-0.007272727
7/24/1991;-0.01098901
7/25/1991;0.01481481
7/26/1991;-0.01459854
7/29/1991;-0.01407407
7/30/1991;0.01901141
7/31/1991;0
8/1/1991;-0.01865672
8/2/1991;-0.01140684
8/5/1991;-0.01538462
8/6/1991;0.01953125
8/7/1991;-0.003831418
8/8/1991;-0.01538462
8/9/1991;-0.03125
8/12/1991;0.004032258
8/13/1991;0.02008032
8/14/1991;0
8/15/1991;-0.01574803
8/16/1991;-0.012
8/19/1991;-0.03238866
8/20/1991;-0.008368201
8/21/1991;0.05485232
8/22/1991;-0.036
8/23/1991;0.06224066
8/26/1991;-0.015625
8/27/1991;-0.01587302
8/28/1991;0.01209677
8/29/1991;0.007968128
8/30/1991;-0.01581028
9/3/1991;-0.004016064
9/4/1991;-0.02419355
9/5/1991;0.004132231
9/6/1991;-0.004115226
9/9/1991;0.008264462
9/10/1991;-0.008196721
9/11/1991;0.008264462
9/12/1991;0
9/13/1991;-0.01639344
9/16/1991;-0.004166667
9/17/1991;0
9/18/1991;0
9/19/1991;0.0125523
9/20/1991;-0.02479339
9/23/1991;-0.008474576
9/24/1991;0.008547009
9/25/1991;-0.004237288
9/26/1991;0.02978723
9/27/1991;-0.004132231
9/30/1991;-0.004149378
10/1/1991;-0.004166667
10/2/1991;-0.008368201
10/3/1991;0.01265823
10/4/1991;0.03333334
10/7/1991;0
10/8/1991;-0.01209677
10/9/1991;-0.0244898
10/10/1991;0.0125523
10/11/1991;-0.008264462
10/14/1991;-0.004166667
10/15/1991;-0.0125523
10/16/1991;-0.008474576
10/17/1991;0
10/18/1991;0
10/21/1991;-0.008547009
10/22/1991;-0.01293103
10/23/1991;-0.03930131
10/24/1991;-0.02272727
10/25/1991;0.03255814
10/28/1991;-0.003603604
10/29/1991;-0.004587156
10/30/1991;0.004608295
10/31/1991;-0.004587156
11/1/1991;0.004608295
11/4/1991;-0.01834862
11/5/1991;-0.01869159
11/6/1991;0.00952381
11/7/1991;-0.004716981
11/8/1991;-0.009478673
11/11/1991;-0.03827751
11/12/1991;0.02487562
11/13/1991;-0.009708738
11/14/1991;0.009803922
11/15/1991;-0.02427184
11/18/1991;0.009950249
11/19/1991;-0.009852217
11/20/1991;-0.02985075
11/21/1991;0.02564103
11/22/1991;-0.015
11/25/1991;-0.01522843
11/26/1991;-0.005154639
11/27/1991;-0.005181347
11/29/1991;0
12/2/1991;0.015625
12/3/1991;0.01025641
12/4/1991;-0.02538071
12/5/1991;-0.01041667
12/6/1991;0.01052632
12/9/1991;-0.01041667
12/10/1991;0.01578947
12/11/1991;0
12/12/1991;0.03626943
12/13/1991;0.015
12/16/1991;-0.02955665
12/17/1991;0.005076142
12/18/1991;0.005050505
12/19/1991;-0.0201005
12/20/1991;0.03589744
12/23/1991;0.1039604
12/24/1991;0.00896861
12/26/1991;0.008888889
12/27/1991;-0.02202643
12/30/1991;0.01801802
12/31/1991;-0.004424779
